Year,PropW
2001,13
2003,13
2005,9
2007,23
2009,20
2011,15
2013,0.2734375
2015,0.4166666667
2017,0.4313725
